S.No,Name,Transaction ID,Date,Time Stamp,Receive ID,Payee ID,Amount
1,Anish,137370531,01-03-2023,10:02 AM,2121234365,41110003762,200
2,Bipin,137370547,02-03-2023,11:01 AM,2121234637,41110003637,1000
3,Chandra,137370521,02-03-2023,8:40 PM,2121234110,41110003110,500
4,Deva,137370532,04-03-2023,6:38 PM,2121234121,41110003121,20000
5,Meghanath,137370505,05-03-2023,2:50 PM,2121234132,41110003132,400
6,Shashi,137370522,06-03-2023,2:43 PM,2121234243,41110003243,7000
7,Aditi,137370501,06-03-2023,1:43 PM,2121234143,41110003143,50000
8,Mallika,137370542,08-03-2023,2:15 PM,2121234187,41110003187,3200
9,Rishsav,137370553,09-03-2023,12:37 PM,2121234198,41110003198,6510
10,Preeti,137370548,09-03-2023,9:20 PM,2121234220,41110003220,500
11,Ganesh,137370562,14-03-2023,3:31 PM,2121234242,41110003242,300
12,Indra,137370574,16-03-2023,8:53 PM,2121234263,41110003263,2000
13,Jayakanth,137370528,17-03-2023,8:18 AM,2121234297,41110003297,650
14,Krishna,137370544,17-Mar,7:27 AM,2121234286,41110003286,9000
15,Lakshman,137370560,17-03-2023,1:59 PM,2121234330,41110003330,38000
16,Nikhil,137370510,19-03-2023,1:12 PM,2121234341,41110003341,320
17,Mahaveer,137370517,22-03-2023,6:05 PM,2121234355,41110003355,8000
18,Vinay,137370520,22-03-2023,9:04 AM,2121234374,41110003374,850
19,Yashwanth,137370540,28-02-2023,5:37 PM,2121234573,41110003573,420
20,Zaid,137370555,28-03-2023,2:33 PM,2121234891,41110003891,500
